"","dd_KSCOAR_dam.df","dd_KSCOAR_dam.logLik","dd_KSCOAR_dam.AICc","dd_KSCOAR_dam.delta","dd_KSCOAR_dam.weight"
"1",16,590.877804498298,-1147.29407053506,0,0.0623268155747756
"2",17,591.678235516494,-1146.57465285117,0.719417683888423,0.0434966062497349
"3",17,591.201247481085,-1145.62067678035,1.67339375470578,0.0269961667146859
"4",17,591.195414894279,-1145.60901160674,1.6850589283174,0.0268391675296662
"5",15,588.813584090019,-1145.46500601788,1.82906451718077,0.0249746048142828
"6",18,592.221336686774,-1145.31938570231,1.97468483274292,0.0232208212387391
"7",17,590.950505634794,-1145.11919308777,2.17487744728737,0.0210090445131327
"8",17,590.925391581388,-1145.06896498096,2.22510555410008,0.0204879924973082
"9",17,590.923456288629,-1145.06509439544,2.22897613961754,0.0204483805764824
"10",18,592.074658833517,-1145.0260299958,2.26804053925548,0.020052854047282
"11",17,590.880047366891,-1144.97827655196,2.3157939830935,0.0195797284487968
"12",16,589.708235094246,-1144.95493172695,2.33913880810451,0.0193525144292079
"13",18,591.88717197067,-1144.65105627011,2.64301426495126,0.0166246183065234
"14",18,591.699411862431,-1144.27553605363,3.01853448142879,0.0137787082330633
"15",18,591.692843481982,-1144.26239929273,3.03167124232732,0.0136885010172673
"16",18,591.692288683105,-1144.26128969498,3.03278084007957,0.0136809087585702
"17",18,591.538688240025,-1143.95408880882,3.33998172623956,0.0117329473446036
"18",19,592.659903193729,-1143.83356785535,3.46050267970941,0.0110467958754534
"19",18,591.464043465872,-1143.80479926051,3.48927127454567,0.0108890328533725
"20",19,592.592021448865,-1143.69780436562,3.59626616943751,0.0103218052804299
"21",18,591.340198186569,-1143.5571087019,3.73696183315315,0.00962064050643099
"22",18,591.333743875864,-1143.5442000805,3.74987045456214,0.00955874586192725
"23",16,588.998750831346,-1143.53596320115,3.75810733390449,0.00951945969814004
"24",16,588.988479594212,-1143.51542072689,3.77864980817185,0.00942218349885583
"25",16,588.953356628228,-1143.44517479492,3.84889574014096,0.00909699273002135
"26",18,591.272369239272,-1143.42145080731,3.8726197277465,0.00898972174035241
"27",17,590.098608542951,-1143.41539890408,3.87867163097303,0.00896256039253646
"28",16,588.918715096354,-1143.37589173117,3.91817880388885,0.00878725483802826
"29",17,590.06346132019,-1143.34510445856,3.94896607649571,0.00865302284287214
"30",18,591.228112574027,-1143.33293747682,3.9611330582361,0.008600542052467
"31",18,591.219420570803,-1143.31555347037,3.97851706468464,0.00852611006337758
"32",18,591.209019015591,-1143.29475035995,3.9993201751081,0.00843788489373789
"33",18,591.201375572788,-1143.27946347434,4.0146070607143,0.0083736362563613
"34",16,588.843729681761,-1143.22592090198,4.06814963307443,0.00815243734444107
"35",16,588.820437906455,-1143.17933735137,4.11473318368644,0.00796474691250315
"36",19,592.322047546627,-1143.15785656114,4.13621397391444,0.00787966013442587
"37",19,592.316000836428,-1143.14576314075,4.14830739431113,0.00783215787406677
"38",19,592.26987704342,-1143.05351555473,4.24055498032726,0.00747911350496777
"39",19,592.233934838927,-1142.98163114574,4.31243938931448,0.00721507123307117
"40",19,592.231893584477,-1142.97754863684,4.31652189821261,0.00720035845818359
"41",18,591.004183880878,-1142.88508009052,4.40899044453522,0.00687503364583477
"42",18,590.990833169113,-1142.85837866699,4.4356918680653,0.00678385704380484
"43",17,589.813308513603,-1142.84479884539,4.44927168966956,0.00673795128395591
"44",18,590.983803824454,-1142.84431997768,4.44975055738178,0.00673633818342087
"45",18,590.956236684423,-1142.78918569761,4.50488483744493,0.00655317287676393
"46",17,589.770204409041,-1142.75859063626,4.53547989879371,0.00645368838724184
"47",18,590.927098746382,-1142.73090982153,4.5631607135258,0.00636498199328517
"48",18,590.925919097389,-1142.72855052355,4.56552001151204,0.00635747797560924
"49",19,592.089521776283,-1142.69280502046,4.60126551460144,0.00624486173017147
"50",17,589.735942379232,-1142.69006657665,4.6040039584118,0.00623631697986031
"51",19,592.080507526949,-1142.67477652179,4.6192940132687,0.0061888219472364
"52",17,589.708460405983,-1142.63510263015,4.65896790490865,0.00606726427416429
"53",20,593.152820342241,-1142.43467294255,4.85939759251005,0.00548870839872074
"54",19,591.923745035034,-1142.36125153796,4.93281899710041,0.00529086771223937
"55",19,591.902602763593,-1142.31896699508,4.97510353998223,0.00518018095861494
"56",19,591.887240956246,-1142.28824338038,5.00582715467613,0.00510121212168582
"57",19,591.774397018093,-1142.06255550408,5.23151503098097,0.00455686207070043
"58",19,591.717379368327,-1141.94852020454,5.34555033051311,0.004304308916189
"59",19,591.71525324211,-1141.94426795211,5.3498025829465,0.00429516713389276
"60",19,591.704181514606,-1141.9221244971,5.37194603795456,0.00424787450247171
"61",19,591.679274091954,-1141.8723096518,5.4217608832605,0.00414337767247073
"62",19,591.656002009573,-1141.82576548704,5.46830504802165,0.00404806599812564
"63",17,589.252514408872,-1141.72321063593,5.5708598991323,0.00384572372487971
"64",19,591.590848508476,-1141.69545848484,5.5986120502148,0.00379272870374734
"65",17,589.210758006892,-1141.63969783197,5.65437270309167,0.00368844665309323
"66",20,592.732543343968,-1141.594118946,5.6999515890559,0.00360533958710462
"67",19,591.53894470719,-1141.59165088227,5.70241965278706,0.00360089322720706
"68",20,592.720354533718,-1141.5697413255,5.72432920955771,0.00356166151958485
"69",18,590.338678855357,-1141.55407003948,5.74000049557685,0.00353386266457948
"70",18,590.338218805518,-1141.5531499398,5.74092059525356,0.00353223728553823
"71",20,592.710655816453,-1141.55034389097,5.74372664408679,0.00352728494532084
"72",19,591.502636004297,-1141.51903347648,5.77503705857384,0.00347249456489792
"73",17,589.145834050628,-1141.50984991944,5.78422061561969,0.0034565861907508
"74",19,591.479172483694,-1141.47210643528,5.82196409977996,0.00339196605279045
"75",19,591.451722037978,-1141.41720554385,5.87686499121196,0.00330012142794321
"76",20,592.634500054358,-1141.39803236678,5.89603816827776,0.00326863568327928
"77",17,589.076292933073,-1141.37076768433,5.92330285072899,0.00322437887365877
"78",17,589.072175176135,-1141.36253217045,5.93153836460579,0.00321112896385577
"79",17,589.069831027113,-1141.35784387241,5.93622666264991,0.00320361041477805
"80",20,592.598776488942,-1141.32658523595,5.96748529910792,0.00315392941948351
"81",20,592.595523042361,-1141.32007834279,5.97399219227077,0.00314368495254501
"82",18,590.200180500714,-1141.2770733302,6.01699720486181,0.00307680941952867
"83",17,589.025156678687,-1141.26849517556,6.02557535950177,0.00306364100638791
"84",17,589.018964398736,-1141.25611061565,6.03795991940274,0.00304472869919052
"85",19,591.358380978242,-1141.23052342437,6.06354711068388,0.00300602378679801
"86",17,589.00383410951,-1141.2258500372,6.06822049785546,0.00299900783055898
"87",17,589.000538141421,-1141.21925810102,6.07481243403322,0.00298913946828839
"88",19,591.342368875088,-1141.19849921807,6.09557131699239,0.00295827432865677
"89",19,591.34100146056,-1141.19576438901,6.09830614604834,0.00295423190582576
"90",19,591.335868998718,-1141.18549946533,6.10857106973162,0.00293910826724581
"91",17,588.977041467976,-1141.17226475413,6.12180578092375,0.00291972335188295
"92",17,588.97401648543,-1141.16621478904,6.1278557460148,0.00291090458473878
"93",18,590.142436276667,-1141.1615848821,6.13248565295703,0.00290417376983379
"94",18,590.130494087183,-1141.13770050313,6.15637003192455,0.00286969784512699
"95",18,590.127009084002,-1141.13073049677,6.16334003828547,0.00285971434537829
"96",18,590.125497376724,-1141.12770708222,6.16636345284178,0.00285539456033684
"97",17,588.951536999269,-1141.12125581672,6.17281471833712,0.0028461989449477
"98",19,591.30073709373,-1141.11523565535,6.17883487970744,0.00283764453766445
"99",19,591.29432801304,-1141.10241749397,6.19165304108651,0.00281951600053737
"100",18,590.106440806729,-1141.08959394222,6.20447659283309,0.00280149572857897
"101",17,588.920767348221,-1141.05971651462,6.23435402043401,0.00275995603300319
"102",19,591.2647197565,-1141.04320098089,6.25086955416782,0.00273725880271608
"103",18,590.079596229868,-1141.0359047885,6.2581657465546,0.00272729121171752
"104",20,592.441141810954,-1141.01131587997,6.28275465508409,0.00269396593247777
"105",19,591.209307139984,-1140.93237574786,6.36169478719967,0.00258970602691547
"106",17,588.848508242096,-1140.91519830237,6.37887223268285,0.00256755900333219
"107",20,592.367925238175,-1140.86488273442,6.42918780064247,0.00250377065959997
"108",20,592.355091139818,-1140.8392145377,6.45485599735639,0.00247184234451188
"109",20,592.331491447185,-1140.79201515243,6.50205538262253,0.00241419058259045
"110",20,592.32238702889,-1140.77380631584,6.52026421921255,0.00239231053537078
"111",20,592.286964605177,-1140.70296146842,6.59110906663886,0.0023090524057882
"112",20,592.252211834842,-1140.63345592775,6.6606146073093,0.00223018480914279
"113",20,592.247462400576,-1140.62395705922,6.67011347584003,0.0022196178064978
"114",19,591.054950860462,-1140.62366318881,6.67040734624379,0.00221929169046685
"115",18,589.832060989414,-1140.5408343076,6.75323622746237,0.00212925817841734
"116",18,589.823180240917,-1140.5230728106,6.77099772445581,0.0021104324888853
"117",19,591.004193672367,-1140.52214881262,6.7719217224344,0.00210945769640237
"118",18,589.813704997007,-1140.50412232278,6.78994821227548,0.00209053006536001
"119",19,590.991302052534,-1140.49636557296,6.7977049620988,0.00208243790835517
"120",19,590.990967427018,-1140.49569632193,6.79837421313232,0.00208174118807066
"121",18,589.798744755686,-1140.47420184014,6.81986869491834,0.0020594880083793
"122",18,589.771593803838,-1140.41989993644,6.87417059861514,0.00200432322560801
"123",18,589.736966141521,-1140.35064461181,6.9434259232487,0.00193610611365303
"124",20,592.093621313953,-1140.31627488597,6.97779564908615,0.00190311864983185
"125",21,593.246885544574,-1140.21599331137,7.07807722368761,0.00181004760837977
"126",21,593.226417713227,-1140.17505764868,7.11901288638069,0.00177337642917682
"127",20,591.97325041824,-1140.07553309455,7.21853744051236,0.0016872888997446
"128",21,593.164480680415,-1140.05118358305,7.24288695200562,0.00166687111250353
"129",20,591.93471902816,-1139.99847031438,7.29560022067335,0.00162351191142038
"130",20,591.923823991985,-1139.97668024203,7.31739029302253,0.00160591969833319
"131",20,591.902980576054,-1139.93499341017,7.35907712488552,0.00157279327927379
"132",20,591.897064969124,-1139.92316219631,7.37090833874504,0.00156351671774995
"133",20,591.845128090734,-1139.81928843953,7.47478209552492,0.00148438524778119
"134",19,590.594020554453,-1139.7018025768,7.59226795826135,0.00139969979378605
"135",20,591.77649929101,-1139.68203084009,7.61203969497205,0.00138593071766255
"136",18,589.386496229287,-1139.64970478734,7.64436574771594,0.00136370994414791
"137",20,591.730129230319,-1139.5892907187,7.70477981635463,0.00132313226220791
"138",18,589.335100129091,-1139.54691258695,7.74715794810845,0.00129539126634804
"139",18,589.334786455263,-1139.54628523929,7.74778529576361,0.00129498499973224
"140",20,591.679674980163,-1139.48838221839,7.80568831666756,0.0012580307498407
"141",20,591.659743029845,-1139.44851831775,7.84555221730375,0.00123320398825681
"142",18,589.282351348083,-1139.44141502493,7.85265551012503,0.00122883185247442
"143",18,589.280104169831,-1139.43692066843,7.85714986662765,0.00122607354862198
"144",18,589.246732417268,-1139.3701771633,7.92389337175473,0.00118583251695466
"145",20,591.614971503199,-1139.35897526446,7.9350952705945,0.0011792092944883
"146",20,591.608656712716,-1139.3463456835,7.94772485156068,0.00117178629686224
"147",21,592.810825053346,-1139.34387232892,7.95019820614243,0.00117033807103772
"148",18,589.231805690176,-1139.34032370912,7.95374682593774,0.00116826336974049
"149",18,589.215031026039,-1139.30677438084,7.9872961542128,0.00114882959729436
"150",19,590.394660687865,-1139.30308284362,7.99098769143666,0.00114671107943157
"151",19,590.38823254032,-1139.29022654853,8.00384398652864,0.00113936349240794
"152",21,592.774744140969,-1139.27171050416,8.0223600308982,0.00112886391756109
"153",19,590.376223491691,-1139.26620845127,8.02786208378507,0.0011257626508621
"154",21,592.768894007497,-1139.26001023722,8.03406029784037,0.00112227919251253
"155",18,589.179723967127,-1139.23616026302,8.05791027203668,0.00110897550840613
"156",19,590.353704417377,-1139.22117030264,8.07290023241262,0.00110069482946768
"157",18,589.171466732799,-1139.21964579437,8.07442474069194,0.0010998561399653
"158",19,590.348897810743,-1139.21155708938,8.08251344568225,0.00109541691698354
"159",19,590.342626091843,-1139.19901365158,8.09505688348145,0.0010885682688493
"160",20,591.510097299744,-1139.14922685755,8.14484367750424,0.00106180460803971
"161",18,589.126596428536,-1139.12990518584,8.16416534921859,0.00105159607886957
"162",20,591.47014878718,-1139.06932983242,8.22474070263343,0.0010202231811707
"163",18,589.094945080717,-1139.0666024902,8.22746804485678,0.00101883288046299
"164",18,589.092464247661,-1139.06164082409,8.23242971096806,0.00101630845880403
"165",18,589.083508543065,-1139.0437294149,8.25034112015965,0.00100724733540295
"166",20,591.455223539784,-1139.03947933763,8.25459119742391,0.00100510916855132
"167",18,589.077870221559,-1139.03245277188,8.26161776317326,0.00100158413157412
"168",18,589.076602127269,-1139.0299165833,8.26415395175286,0.00100031483342109
"169",19,590.248078299932,-1139.00991806775,8.28415246730378,0.000990362269596277
"170",21,592.638211787152,-1138.99864579653,8.2954247385303,0.000984796153964288
"171",21,592.636795608675,-1138.99581343957,8.29825709548595,0.000983402493914605
"172",18,589.05058111732,-1138.97787456341,8.31619597164945,0.00097462136589868
"173",19,590.216536131689,-1138.94683373127,8.34723680378966,0.000959611616862825
"174",21,592.604432196137,-1138.9310866145,8.3629839205621,0.000952085725421487
"175",19,590.207280449834,-1138.92832236756,8.36574816749908,0.000950770734345715
"176",19,590.194136996345,-1138.90203546058,8.39203507447746,0.000938356087803712
"177",18,589.006127105086,-1138.88896653894,8.4051039961189,0.000932244426664104
"178",18,588.993798106357,-1138.86430854148,8.4297619935769,0.000920821348566279
"179",19,590.171531904935,-1138.85682527776,8.43724525729749,0.000917382411700753
"180",20,591.358574868457,-1138.84618199498,8.4478885400797,0.000912513398548947
"181",20,591.342695140316,-1138.8144225387,8.47964799636134,0.000898137379585298
"182",19,590.147022587175,-1138.80780664224,8.4862638928173,0.000895171296161916
"183",19,590.141477525106,-1138.7967165181,8.49735401695625,0.000890221252594838
"184",20,591.333594791267,-1138.7962218406,8.49784869445875,0.000890001093609931
"185",19,590.137441653659,-1138.78864477521,8.50542575984878,0.000886635674393875
"186",18,588.952456727365,-1138.7816257835,8.51244475156113,0.000883529483938047
"187",19,590.132150190449,-1138.77806184879,8.51600868627042,0.000881956465191079
"188",21,592.476432982406,-1138.67508818703,8.61898234802334,0.000837696501402327
"189",21,592.441570106336,-1138.60536243489,8.68870810016301,0.000808995203930537
"190",21,592.374848495806,-1138.47191921383,8.82215132122315,0.000756779082625241
"191",21,592.369389463351,-1138.46100114892,8.83306938613327,0.000752659056960533
"192",21,592.264397044865,-1138.25101631195,9.04305422310449,0.000677642543665443
"193",20,591.054954429036,-1138.23894111614,9.0551294189213,0.000673563536554421
"194",19,589.843857220056,-1138.201475908,9.0925946270554,0.000661063383255475
"195",19,589.833202714439,-1138.18016689677,9.11390363828968,0.00065405746828047
"196",19,589.824043594415,-1138.16184865672,9.1322218783373,0.000648094228129856
"197",19,589.801753746908,-1138.11726896171,9.1768015733519,0.000633808115732452
"198",22,593.308726599595,-1137.910476455,9.38359408005363,0.000571548874179871
"199",21,592.071907680724,-1137.86603758367,9.42803295138674,0.000558989429343728
"200",21,592.061670509982,-1137.84556324219,9.44850729287054,0.000553296150368152
"201",22,593.265122106331,-1137.82326746848,9.47080306658131,0.000547162320629823
"202",22,593.231637657888,-1137.75629857159,9.53777196346755,0.000529144238358576
"203",21,591.944811129238,-1137.6118444807,9.68222605435994,0.000492273281037186
"204",21,591.935053890726,-1137.59233000367,9.70174053138385,0.000487493410312128
"205",19,589.506543904733,-1137.52684927736,9.76722125770175,0.00047179115048584
"206",19,589.449459683034,-1137.41268083396,9.88138970110049,0.000445613590814174
"207",20,590.638859109527,-1137.40675047712,9.88732005793827,0.000444294224057132
"208",20,590.630930071959,-1137.39089240198,9.90317813307524,0.00044078532793129
"209",19,589.416295385373,-1137.34635223864,9.94771829642104,0.000431077500946327
"210",20,590.59711811946,-1137.32326849699,9.97080203807218,0.000426130662913256
"211",21,591.780224229344,-1137.28267068091,10.0113998541469,0.000417567877392328
"212",19,589.361282756437,-1137.23632698076,10.057743554293,0.00040800329958252
"213",19,589.356745024628,-1137.22725151715,10.0668190179106,0.000406156084285384
"214",19,589.35287209926,-1137.21950566641,10.0745648686473,0.000404586114233872
"215",19,589.336428177356,-1137.1866178226,10.1074527124547,0.000397987533728095
"216",19,589.318374625957,-1137.1505107198,10.1435598152543,0.000390866914961217
"217",19,589.272611402783,-1137.05898427346,10.235086261602,0.000373382703325735
"218",19,589.257454687731,-1137.02867084335,10.2653996917063,0.000367766120084422
"219",20,590.446166456182,-1137.02136517043,10.2727053646286,0.000366425181198074
"220",19,589.253643497304,-1137.0210484625,10.27302207256,0.00036636716091148
"221",22,592.849717959321,-1136.99245917446,10.3016113606006,0.000361167326201442
"222",20,590.426151988374,-1136.98133623481,10.312734300245,0.000359164280119029
"223",21,591.625896601663,-1136.97401542555,10.3200551095092,0.000357851996733708
"224",20,590.418533187796,-1136.96609863366,10.3279719014013,0.0003564382767183
"225",19,589.200787446494,-1136.91533636088,10.378734174179,0.000347505312146488
"226",20,590.361576958447,-1136.85218617496,10.4418843600986,0.000336704219723801
"227",20,590.356635013156,-1136.84230228438,10.4517682506801,0.000335044350759793
"228",20,590.354868125119,-1136.8387685083,10.4553020267549,0.000334452887582909
"229",19,589.143344568075,-1136.80045060404,10.4936199310173,0.000328106113627697
"230",19,589.102966340199,-1136.71969414829,10.5743763867697,0.000315121678548663
"231",19,589.078317614511,-1136.67039669691,10.6236738381456,0.000307449276650244
"232",21,591.470474613617,-1136.66317144946,10.6308990856005,0.000306340581952614
"233",20,590.260679303767,-1136.6503908656,10.6436796694593,0.000304389217738073
"234",20,590.257742192292,-1136.64451664265,10.649553892408,0.000303496504315162
"235",22,592.641857684589,-1136.57673862499,10.717331910065,0.00029338363401433
"236",20,590.221652929435,-1136.57233811694,10.7217324181222,0.000292738825123479
"237",20,590.201609149375,-1136.53225055681,10.7618199782428,0.000286929645939232
"238",20,590.174067322994,-1136.47716690405,10.8169036310055,0.000279134912760822
"239",22,592.477882392755,-1136.24878804132,11.0452824937342,0.000249013171302494
"240",20,589.845884656127,-1135.82080157032,11.4732689647394,0.000201041741642187
"241",22,592.13619836419,-1135.5654199842,11.7286505508625,0.000176941958956669
"242",23,593.318894051566,-1135.47890959846,11.8151609365991,0.000169451469540721
"243",20,589.556186995049,-1135.24140624816,12.0526642868952,0.000150477699221977
"244",20,589.526841732417,-1135.1827157229,12.1113548121593,0.000146126053982693
"245",20,589.492442655227,-1135.11391756852,12.1801529665386,0.000141184924937497
"246",21,590.669802934856,-1135.06182809193,12.2322424431243,0.000137555272364661
"247",21,590.646119414409,-1135.01446105104,12.2796094840171,0.000134335754504313
"248",21,590.632646553988,-1134.9875153302,12.3065552048602,0.000132538005240277
"249",20,589.381294394301,-1134.89162104667,12.4024494883909,0.000126333128436026
"250",20,589.364063960501,-1134.85716017907,12.4369103559902,0.000124174999967899
"251",20,589.292569089752,-1134.71417043757,12.5799000974891,0.000115607055716488
"252",21,590.470468108776,-1134.66315843977,12.6309120952831,0.000112695669027038
"253",21,590.366155654325,-1134.45453353087,12.8395370041853,0.000101532458611635
"254",21,590.268201662378,-1134.25862554698,13.0354449880799,9.20585276318404e-05
"255",21,589.586911624759,-1132.89604547174,14.3980250633165,4.65782878725003e-05
"256",22,590.674739408516,-1132.64250207285,14.6515684622113,4.10324331991602e-05
"257",6,352.141196942354,-691.918757521072,455.375313013985,8.15045999017026e-101
"258",7,352.581512631519,-690.676068741299,456.618001793758,4.37860410578942e-101
"259",7,352.361574260189,-690.23619199864,457.057878536418,3.51412866813481e-101
"260",7,352.314642163397,-690.142327805055,457.151742730002,3.35301354842443e-101
"261",7,352.174295499087,-689.861634476434,457.432436058623,2.91395960081634e-101
"262",8,352.814796528244,-689.00077209579,458.293298439268,1.8947400522483e-101
"263",8,352.759913001204,-688.89100504171,458.403065493347,1.79355220685548e-101
"264",8,352.642658306344,-688.656495651989,458.637574883069,1.59511116802584e-101
"265",8,352.594266108186,-688.559711255674,458.734359279384,1.51975818513095e-101
"266",8,352.367946381066,-688.107071801434,459.186998733624,1.21195105885916e-101
"267",8,352.32077438364,-688.012727806582,459.281342728476,1.1561083669887e-101
"268",6,349.9619593352,-687.560282306763,459.733788228294,9.2204316392649e-102
"269",8,352.04283713698,-687.456853313262,459.837217221796,8.7557213499867e-102
"270",5,348.844440486415,-687.430260283174,459.863810251883,8.64007134423851e-102
"271",9,353.055147501649,-687.320821319087,459.973249215971,8.17999351783033e-102
"272",7,350.681831955305,-686.87670738887,460.417363146187,6.55110929330825e-102
"273",9,352.814930004208,-686.840386324205,460.453684210852,6.43321144527161e-102
"274",9,352.780704653531,-686.771935622852,460.522134912205,6.21675775787531e-102
"275",9,352.677792337485,-686.566110990759,460.727959544299,5.60879664088202e-102
"276",9,352.390853534409,-685.992233384608,461.30183715045,4.20972527800104e-102
"277",7,350.232380165202,-685.977803808665,461.316266726392,4.17946230444565e-102
"278",6,349.098075091304,-685.832513818972,461.461556716086,3.88661114937783e-102
"279",7,350.02585632452,-685.5647561273,461.729314407757,3.39960334737552e-102
"280",7,349.965326935684,-685.443697349628,461.850373185429,3.19993140437748e-102
"281",7,349.962865775665,-685.43877502959,461.855295505467,3.19206554468101e-102
"282",6,348.891838043125,-685.420039722613,461.874030812444,3.16230300098995e-102
"283",8,351.012787291419,-685.39675362214,461.897316912918,3.12569766071301e-102
"284",6,348.855708125244,-685.347779886852,461.946290648206,3.05008860816721e-102
"285",10,353.1030244488,-685.236885902005,462.057184633052,2.88557344978865e-102
"286",7,349.640802241941,-684.794647962144,462.499422572914,2.3131371567605e-102
"287",6,348.511088292364,-684.658540221092,462.635530313966,2.16095620054117e-102
"288",6,348.435115348171,-684.506594332706,462.787476202351,2.00286341668013e-102
"289",7,349.292552306353,-684.098148090967,463.195922444091,1.6328953772452e-102
"290",7,349.285179849295,-684.08340317685,463.210667358207,1.62090119382389e-102
"291",8,350.338012817656,-684.047204674613,463.246865860444,1.59182799132748e-102
"292",6,348.20207514607,-684.040513928504,463.253556606554,1.58651163042086e-102
"293",8,350.313511970864,-683.99820298103,463.295867554028,1.55330075977009e-102
"294",7,349.241333908146,-683.995711294552,463.298359240505,1.55136679547904e-102
"295",8,350.305084450742,-683.981347940785,463.312722594272,1.540265291847e-102
"296",7,349.180496717634,-683.874036913528,463.420033621529,1.45979958448007e-102
"297",8,350.179191585921,-683.729562211144,463.564508323913,1.35806623815398e-102
"298",8,350.136638103743,-683.644455246788,463.649615288269,1.30148812591161e-102
"299",5,346.925492005515,-683.592363321374,463.701707213683,1.26802726647964e-102
"300",6,347.941275005752,-683.518913647868,463.77515688719,1.22230390251985e-102
"301",8,350.027329405932,-683.425837851165,463.868232683892,1.16672376984665e-102
"302",7,348.92093352684,-683.35491053194,463.939160003117,1.12607255601508e-102
"303",7,348.833281813062,-683.179607104384,464.114463430673,1.03157241104887e-102
"304",7,348.668535006013,-682.850113490287,464.44395704477,8.74885239374377e-103
"305",5,346.461343702035,-682.664066714415,464.630003820643,7.97171099218153e-103
"306",8,349.535920734284,-682.443020507868,464.851050027189,7.13759614688248e-103
"307",5,346.336463120498,-682.414305551341,464.879764983716,7.03585041917791e-103
"308",6,347.368314946159,-682.372993528683,464.921077006375,6.89200852747191e-103
"309",7,348.425988891035,-682.365021260331,464.929049274726,6.8645907385377e-103
"310",9,350.541561828437,-682.293649972663,465.000420562394,6.62394277466586e-103
"311",6,347.273358543171,-682.183080722706,465.110989812351,6.26767926513802e-103
"312",6,347.122932665535,-681.882228967435,465.411841567623,5.39234456914264e-103
"313",6,347.119976862106,-681.876317360576,465.417753174481,5.3764293912298e-103
"314",7,348.140139510972,-681.793322500205,465.500748034852,5.15788721778314e-103
"315",6,347.022581702338,-681.68152704104,465.612543494018,4.87748301963961e-103
"316",6,346.940726639615,-681.517816915593,465.776253619465,4.49413965617259e-103
"317",6,346.916524863128,-681.46941336262,465.824657172438,4.3866791059746e-103
"318",7,347.789410712592,-681.091864903444,466.202205631614,3.63205369082411e-103
"319",6,346.635209887248,-680.906783410859,466.387287124199,3.31102396672049e-103
"320",6,346.579232720956,-680.794829078276,466.499241456782,3.13077422677507e-103
"321",5,345.514745665664,-680.770870641674,466.523199893384,3.0934937402212e-103
"322",7,347.577340290839,-680.667724059938,466.626346475119,2.9379963094079e-103
"323",7,347.534175988438,-680.581395455136,466.712675079921,2.81387776390118e-103
"324",6,346.379943425814,-680.396250487992,466.897820047066,2.56508351005607e-103
"325",5,345.279819339234,-680.301017988813,466.993052546245,2.44580615916047e-103
"326",7,347.370317221017,-680.253677920294,467.040392614763,2.38859362607414e-103
"327",4,344.118558064087,-680.065442308431,467.228628226627,2.17403947398075e-103
"328",7,347.25784258062,-680.028728639501,467.265341895557,2.13449505684139e-103
"329",5,345.128943513186,-679.999266336716,467.294804198341,2.10328195393772e-103
"330",7,347.223847303931,-679.960738086123,467.333332448934,2.06315184361756e-103
"331",4,344.037192223314,-679.902710626885,467.391359908173,2.00415215314988e-103
"332",7,347.150440188297,-679.813923854855,467.480146680202,1.91712701501909e-103
"333",7,347.025077911766,-679.563199301792,467.730871233265,1.69124584294138e-103
"334",5,344.715582889295,-679.172545088935,468.121525446122,1.39116056286772e-103
"335",6,345.73012587654,-679.096615389443,468.197455145614,1.33933535388087e-103
"336",8,347.749418973379,-678.870016986059,468.424053548998,1.19587039545623e-103
"337",8,347.659252062249,-678.689683163799,468.604387371258,1.09276083878104e-103
"338",6,345.459287336628,-678.554938309619,468.739132225439,1.02156416361248e-103
"339",8,347.577347621874,-678.525874283048,468.768196252009,1.00682612566017e-103
"340",5,344.257010663356,-678.255400637056,469.038669898001,8.79471702504355e-104
"341",8,347.40670259091,-678.184584221122,469.109486313935,8.48876050681304e-104
"342",5,344.15949167913,-678.060362668605,469.233707866453,7.97755695755693e-104
"343",5,344.151185609045,-678.043750528434,469.250320006623,7.91156923904486e-104
"344",6,345.181027199662,-677.998418035687,469.29565249937,7.73426071193632e-104
"345",5,344.057840302849,-677.857059916044,469.437010619014,7.20648159533286e-104
"346",8,347.223864151931,-677.818907343163,469.475163191894,7.07031162624458e-104
"347",6,344.9716917442,-677.579747124765,469.714323410293,6.2734374810097e-104
"348",5,343.864825810934,-677.471030932213,469.823039602844,5.9415280675719e-104
"349",6,344.842578287637,-677.321520211638,469.97255032342,5.51356263492871e-104
"350",7,345.882924937185,-677.278893352632,470.015177182426,5.39729315841387e-104
"351",6,344.72541475767,-677.087193151704,470.206877383353,4.90398166807782e-104
"352",6,344.71719073513,-677.070745106623,470.223325428435,4.86381659789979e-104
"353",9,347.844252857939,-676.899032031667,470.395038503391,4.46365037255368e-104
"354",5,343.496105347915,-676.733590006176,470.560480528882,4.1092720157814e-104
"355",7,345.588464145679,-676.689971769619,470.604098765439,4.02062261273072e-104
"356",6,344.432765792206,-676.501895220775,470.792175314283,3.65976337983564e-104
"357",6,344.391018645582,-676.418400927528,470.87566960753,3.51012394346075e-104
"358",7,345.429827137329,-676.372697752918,470.921372782139,3.4308215830343e-104
"359",6,344.333783585849,-676.303930808062,470.990139726995,3.3148629773433e-104
"360",6,344.305645099733,-676.247653835829,471.046416699229,3.22288784058123e-104
"361",5,343.233729602421,-676.208838515187,471.085232019871,3.16094218260739e-104
"362",7,345.259284014975,-676.03161150821,471.262459026847,2.89289184064694e-104
"363",7,345.157869021877,-675.828781522014,471.465289013043,2.61389552161339e-104
"364",5,343.037403762384,-675.816186835113,471.477883699945,2.59748664416418e-104
"365",4,341.987962729252,-675.804251638761,471.489818896296,2.58203204688302e-104
"366",4,341.944975342497,-675.718276865251,471.575793669807,2.47338910449267e-104
"367",6,343.997411784542,-675.631187205448,471.66288332961,2.36799708811898e-104
"368",6,343.944501371229,-675.525366378822,471.768704156235,2.24596230729909e-104
"369",7,345.003364105163,-675.519771688588,471.77429884647,2.23968835490126e-104
"370",7,344.913804889767,-675.340653257794,471.953417277263,2.04782348298659e-104
"371",7,344.847112723325,-675.20726892491,472.086801610147,1.9157043217935e-104
"372",6,343.771116863261,-675.178597362885,472.115473172173,1.88843711945425e-104
"373",5,342.585885423239,-674.913150156822,472.380920378235,1.65371779614845e-104
"374",4,341.439364994418,-674.707056169094,472.587014365964,1.4917933236515e-104
"375",5,342.411405117551,-674.564189545447,472.729880989611,1.38894665449157e-104
"376",5,342.394748457256,-674.530876224857,472.763194310201,1.36600305423939e-104
"377",8,345.441824672674,-674.25482838465,473.039242150408,1.18989501071657e-104
"378",6,343.267386788418,-674.1711372132,473.122933321857,1.14113056107501e-104
"379",5,342.209183704148,-674.159746718641,473.134323816416,1.13465001203277e-104
"380",5,342.161091012707,-674.063561335758,473.230509199299,1.08137302430644e-104
"381",6,343.154520420226,-673.945404476815,473.348666058243,1.01933772074339e-104
"382",3,339.91108295321,-673.719601803857,473.574468731201,9.10511988050213e-105
"383",4,340.905951145026,-673.64022847031,473.653842064748,8.75084452422768e-105
"384",6,342.932559046763,-673.501481729889,473.792588805168,8.16434777428481e-105
"385",6,342.889458493858,-673.41528062408,473.878789910977,7.81993536870789e-105
"386",6,342.863484684819,-673.363333006002,473.930737529055,7.61943698596792e-105
"387",6,342.671730123762,-672.979823883887,474.314246651171,6.28991727976565e-105
"388",4,340.535084726233,-672.898495632724,474.395574902333,6.03927392708861e-105
"389",5,341.550733989249,-672.842847288843,474.451223246214,5.87355235515312e-105
"390",7,343.400321572554,-672.313686623368,474.980383911689,4.50811582606556e-105
"391",7,343.13857679103,-671.790197060321,475.503873474737,3.46993030163238e-105
"392",7,343.028895965049,-671.570835408359,475.723235126699,3.10947431634899e-105
"393",7,343.01581578887,-671.544675056,475.749395479057,3.06906669001603e-105
"394",7,342.96619063757,-671.445424753402,475.848645781656,2.92048107467943e-105
"395",7,342.956394350329,-671.425832178919,475.868238356138,2.89201088196562e-105
"396",8,343.555375095661,-670.481929230623,476.812141304434,1.80398948502524e-105
"397",8,343.406061821992,-670.183302683285,477.110767851772,1.55377479091875e-105
"398",8,343.240269366803,-669.851717772906,477.442352762151,1.31639226746004e-105
"399",8,343.084548748487,-669.540276536274,477.753793998783,1.12656620055859e-105
"400",4,338.384136382435,-668.596598945128,478.69747158993,7.02812912553958e-106
"401",9,343.558099469795,-668.326725255379,478.967345279679,6.14097606824928e-106
"402",6,340.128893736482,-667.894151109328,479.39991942573,4.94658097233816e-106
"403",5,338.614074691566,-666.969528693476,480.324541841581,3.11548680383511e-106
"404",5,338.529933628937,-666.801246568219,480.492823966839,2.86407190338931e-106
"405",4,337.480883843266,-666.790093866789,480.503976668269,2.84814528146858e-106
"406",5,338.486059779271,-666.713498868887,480.58057166617,2.74113071518135e-106
"407",5,338.397958995247,-666.537297300839,480.756773234219,2.50996728959593e-106
"408",5,338.315175113928,-666.3717295382,480.922340996857,2.31055057365038e-106
"409",5,338.066054450659,-665.873488211663,481.420582323395,1.80104162202914e-106
"410",7,340.178806774755,-665.870657027772,481.423413507286,1.79849388571856e-106
"411",7,340.169913428981,-665.852870336223,481.441200198834,1.78257017022646e-106
"412",5,337.961066348785,-665.663512007915,481.630558527143,1.62154123169881e-106
"413",6,338.896545678363,-665.429454993089,481.864615541968,1.44245794849269e-106
"414",5,337.812704049749,-665.366787409842,481.927283125215,1.39796104068099e-106
"415",5,337.739584887564,-665.220549085472,482.073521449586,1.29939089627633e-106
"416",6,338.791462231179,-665.219288098721,482.074782436337,1.29857189713791e-106
"417",6,338.642769678135,-664.921902992634,482.372167542424,1.1191534674893e-106
"418",6,338.636650620506,-664.909664877377,482.384405657681,1.11232621241282e-106
"419",6,338.602328439695,-664.841020515753,482.453050019304,1.07479648618724e-106
"420",5,337.531637102804,-664.804653515954,482.489417019104,1.05542953746389e-106
"421",6,338.545251030042,-664.726865696447,482.567204838611,1.01516779979938e-106
"422",6,338.526036889013,-664.68843741439,482.605633120667,9.95848419537453e-107
"423",6,338.504664328349,-664.645692293062,482.648378241996,9.74790422020793e-107
"424",6,338.501269088636,-664.638901813635,482.655168721422,9.71486387037111e-107
"425",6,338.41324548227,-664.462854600903,482.831215934154,8.89628224380589e-107
"426",4,336.2211521632,-664.270630506657,483.0234400284,8.08104678651717e-107
"427",6,338.176517260292,-663.989398156948,483.304672378109,7.02099707953696e-107
"428",7,339.195031979316,-663.903107436893,483.390963098165,6.724515525307e-107
"429",6,338.095510570664,-663.827384777692,483.466685757365,6.47467590108231e-107
"430",8,340.218094841723,-663.807368722747,483.486701812311,6.4102003415309e-107
"431",6,338.06345287876,-663.763269393884,483.530801141173,6.27040446501997e-107
"432",7,339.1200191825,-663.753081843261,483.540988691796,6.23854564328836e-107
"433",6,337.820434274338,-663.27723218504,484.016838350017,4.91760811163387e-107
"434",6,337.804251691724,-663.244867019812,484.049203515246,4.83866895450006e-107
"435",6,337.77599757712,-663.188358790604,484.105711744453,4.70386992822816e-107
"436",7,338.826156909735,-663.16535729773,484.128713237327,4.65008180754581e-107
"437",7,338.792295919138,-663.097635316536,484.196435218521,4.49526140958125e-107
"438",7,338.66303311977,-662.839109717801,484.454960817257,3.95017950624867e-107
"439",7,338.618726327305,-662.750496132872,484.543574402186,3.77898037067163e-107
"440",7,338.570840198677,-662.654723875616,484.639346659442,3.60228404566258e-107
"441",5,336.359161086975,-662.459701484295,484.834369050763,3.26760370958325e-107
"442",5,336.308107037891,-662.357593386128,484.93647714893,3.10496628385189e-107
"443",5,336.30639738815,-662.354174086645,484.939896448412,3.09966241422018e-107
"444",7,338.414015257597,-662.341073993455,484.952996541602,3.079425828618e-107
"445",7,338.191681018296,-661.896405514853,485.397665020204,2.4655352429584e-107
"446",8,339.233180998488,-661.837541036277,485.45652949878,2.39402651274545e-107
"447",5,336.001539108162,-661.744457526668,485.54961300839,2.28515744783708e-107
"448",3,333.824193328845,-661.545822555125,485.748247979932,2.06910767852578e-107
"449",7,337.838823075468,-661.190689629198,486.10338090586,1.73247492417902e-107
"450",8,338.826458897901,-661.024096835103,486.269973699954,1.5940127532999e-107
"451",6,336.681836065562,-661.000035767487,486.29403476757,1.57495082149662e-107
"452",6,336.438679401477,-660.513722439318,486.78034809574,1.23499557028368e-107
"453",4,334.237891993594,-660.304110167445,486.989960367612,1.11211237493909e-107
"454",6,336.327150774586,-660.290665185535,487.003405349523,1.10466128256876e-107
"455",4,334.161423008476,-660.15117219721,487.142898337848,1.03024049183366e-107
"456",4,334.15729858585,-660.142923351957,487.1511471831,1.02600009524342e-107
"457",6,336.178134648639,-659.992632933642,487.301437601415,9.51726695868496e-108
"458",4,334.058691241079,-659.945708662415,487.348361872642,9.29657067749968e-108
"459",4,334.015854160406,-659.86003450107,487.434036033988,8.90674190274216e-108
"460",4,333.997447094499,-659.823220369256,487.470850165802,8.74429459336112e-108
"461",4,333.97359083633,-659.775507852917,487.51856268214,8.5381570555355e-108
"462",6,336.002519571487,-659.641402779337,487.65266775572,7.98442401956927e-108
"463",4,333.855336168173,-659.538998516604,487.755072018453,7.58589434011519e-108
"464",3,332.749828809292,-659.397093516021,487.896977019037,7.06630713508074e-108
"465",7,336.697669204148,-658.908381886558,488.3856886485,5.53439469069734e-108
"466",5,334.559371934922,-658.86012318019,488.433947354868,5.40245157917496e-108
"467",5,334.518331747119,-658.778042804583,488.516027730474,5.18522201195607e-108
"468",3,332.32689339957,-658.551222696577,488.742847838481,4.62928581639865e-108
"469",5,334.36099490507,-658.463369120486,488.830701414572,4.43033772408667e-108
"470",5,334.36039370895,-658.462166728244,488.831903806813,4.42767502271676e-108
"471",5,334.35411305028,-658.449605410905,488.844465124153,4.39995345318336e-108
"472",5,334.352503712405,-658.446386735156,488.847683799902,4.39287813625957e-108
"473",5,334.3503167706,-658.442012851545,488.852057683512,4.38328166470526e-108
"474",5,334.340732921635,-658.422845153616,488.871225381442,4.3414736162773e-108
"475",5,334.222516956719,-658.186413223783,489.107657311275,3.85741730854682e-108
"476",5,334.162450256774,-658.066279823894,489.227790711164,3.6325365143585e-108
"477",4,333.045492439306,-657.91931105887,489.374759476188,3.375173687721e-108
"478",5,334.080377561911,-657.902134434166,489.391936100891,3.34631076117246e-108
"479",7,336.178843134969,-657.8707297482,489.423340786858,3.29417623021665e-108
"480",5,334.019555616758,-657.78049054386,489.513579991197,3.14884754928017e-108
"481",5,334.008343142021,-657.758065594388,489.53600494067,3.11373837388153e-108
"482",5,333.973595530567,-657.688570371479,489.605500163579,3.00740157656113e-108
"483",4,332.82590446076,-657.480135101779,489.813935433279,2.70975657865629e-108
"484",4,332.767279231469,-657.362884643196,489.931185891861,2.55546340285946e-108
"485",6,334.718822139781,-657.074007915925,490.220062619132,2.21177467702001e-108
"486",6,334.687499828157,-657.011363292678,490.28270724238,2.14357051347195e-108
"487",4,332.5887453835,-657.005816947257,490.288253587801,2.13763425715741e-108
"488",6,334.518454688863,-656.673273014091,490.620797520967,1.81018267145158e-108
"489",4,332.327013768988,-656.482353718233,490.811716816824,1.64537466096582e-108
"490",6,334.382559181759,-656.401481999882,490.892588535176,1.58016971611807e-108
"491",6,334.37913559333,-656.394634823023,490.899435712034,1.57476911535395e-108
"492",6,334.361038758836,-656.358441154035,490.935629381022,1.54652709564213e-108
"493",6,334.354810066893,-656.345983770149,490.948086764909,1.53692419259057e-108
"494",6,334.351056208553,-656.338476053469,490.955594481588,1.5311656121026e-108
"495",5,333.060329035598,-655.862037381541,491.432033153516,1.20660417525341e-108
"496",3,330.787717275931,-655.472870449299,491.821200085759,9.93249369813656e-109
"497",5,332.826289657549,-655.393958625443,491.900111909615,9.54822871393478e-109
"498",5,332.772280965489,-655.285941241324,492.008129293734,9.04621981318071e-109
"499",7,334.743584653088,-655.000212784436,492.293857750621,7.84191246758194e-109
"500",5,332.593184871507,-654.927749053359,492.366321481698,7.56287097173557e-109
"501",3,330.483781884578,-654.864999666593,492.429070868465,7.32927192516752e-109
"502",2,329.230174805913,-654.409285782039,492.884784753018,5.83584598968312e-109
"503",4,330.96993914883,-653.768204477918,493.52586605714,4.23540344719133e-109
"504",4,330.794545643082,-653.417417466421,493.876653068637,3.55404034902537e-109
"505",4,330.790982874386,-653.410291929029,493.883778606028,3.54140065484995e-109
"506",6,332.778578603881,-653.193520844126,494.100549690932,3.17763360896097e-109
"507",3,329.5181036805,-652.933643258437,494.360427276621,2.79043634261196e-109
"508",4,330.520702506318,-652.869731192894,494.424339342164,2.70267479120095e-109
"509",3,329.266099207985,-652.429634313406,494.864436221651,2.1688422640101e-109
"510",5,330.979026594005,-651.699432498355,495.594638036702,1.50545111694642e-109
"511",5,330.832708706017,-651.406796722378,495.88727381268,1.30053368972032e-109
"512",4,329.558605563538,-650.945537307333,496.348533227725,1.03266723455892e-109
