"","X","site","meta","long","lat","het","col","upstream","fprop","wprop","gprop","dprop","cprop"
"1",1,"SRC","Colorado",-103.7785998,38.950186,0.0613696193934729,"#E8FF00",298976.283717786,0,0.0745412844036697,0.69954128440367,0.00630733944954128,0.104071100917431
"3",15,"VDRW","Colorado",-102.657473,38.111934,0.0837729407055975,"#E8FF00",69605.0884389569,0,0.263565891472868,0.121159919609532,0.0608670686190066,0.530577088716624
"4",23,"WHC","Colorado",-102.1396272,38.124478,0.0759064228397386,"#E8FF00",0,0.000860338399770576,0.0553484370519071,0.368798394034987,0.0183538858617723,0.114138227702896
"5",33,"WMVD","Colorado",-102.618291,38.202576,0.081456881235479,"#E8FF00",69006.7437132235,0,0.00229160698940132,0.00143225436837582,0.0968203953022057,0.893153824119164
"6",40,"USBC","Colorado",-102.3138676,38.102932,0.0783941402457298,"#E8FF00",33772.0960159729,0.000286286859433152,0.29430289149728,0.128542799885485,0.0352132837102777,0.469510449470369
"7",50,"RC2","Colorado",-103.4850677,38.849166,0.0518930230968977,"#E8FF00",256761.787250539,0,0.0212216805276742,0.896759392027531,0.037281330656725,0
"8",58,"UTFC2","Colorado",-104.7215483,38.679607,0.049123274566079,"#E8FF00",379513.715723355,0.00111982082866741,0.0795072788353863,0.425531914893617,0.299552071668533,0
"9",63,"BSQ","Colorado",-104.389195,38.44121,0.0512561262375663,"#E8FF00",0,0,0.0289896670493685,0.954936854190585,0,0
"10",73,"HCR","Colorado",-104.809034,39.497818,0.122087262539292,"#E8FF00",0,0,0,0.589275527666857,0.376497432972048,0
"11",78,"2008-24","NFNinnescah",-97.86792,37.74844,0.248282199422523,"#5D00FF",29631.0259576468,0.0453767123287671,0.00371004566210046,0.587043378995434,0.0559360730593607,0.30736301369863
"12",88,"4THST","LowerArk",-97.99403,38.05728,0.0928659286592866,"#00B9FF",195253.365501907,0.0616045845272206,0.167335243553009,0.451289398280802,0.224928366762178,0.0819484240687679
"13",90,"AMBER2","Medicine",-98.61732,37.44715,0.214754029789448,"#00FF2E",66718.2457992946,0.0588404133180253,0.06601607347876,0.675086107921929,0.0324339839265212,0.167623421354765
"14",98,"ARK10","LowerArk",-98.49562,38.31265,0.163810735343748,"#00B9FF",262565.640047719,0.0406294706723891,0.0523605150214592,0.44549356223176,0.0452074391988555,0.416309012875536
"15",108,"ARK11","LowerArk",-98.27055,38.19434,0.166613938101777,"#00B9FF",230302.174169177,0.0306326939593473,0.0558259375894646,0.605210420841683,0.0397938734612081,0.268250787288863
"16",118,"ARK13","LowerArk",-97.36924,37.69531,0.155592887757581,"#00B9FF",113125.449458431,0.00429307384087006,0.0403548941041786,0.0331997710360618,0.859473382942187,0
"17",127,"ARK14","LowerArk",-97.36298,37.70825,0.120079950799508,"#00B9FF",114987.226852401,0.0355300859598854,0.066189111747851,0.026647564469914,0.845558739255014,0.000573065902578797
"18",129,"ARK15","LowerArk",-97.28796,37.56599,0.130842558425584,"#00B9FF",91763.7194372428,0.188555078683834,0.16137339055794,0.350214592274678,0.203719599427754,0.0889842632331903
"19",131,"ARK16","LowerArk",-98.2065,38.16953,0.150415273838113,"#00B9FF",222175.368224162,0.0297738333810478,0.065845977669625,0.489264242771257,0.0397938734612081,0.3687374749499
"20",139,"ARK17","LowerArk",-98.11185,38.14462,0.145726613728722,"#00B9FF",211342.401686014,0.0694404591104735,0.0619799139167862,0.629842180774749,0.0284074605451937,0.209756097560976
"21",148,"ARK18","LowerArk",-98.08771,38.13102,0.149600842181891,"#00B9FF",208329.247406406,0.0358371559633028,0.150229357798165,0.630160550458716,0.0544724770642202,0.12098623853211
"22",156,"ARK19","LowerArk",-97.866691,37.984674,0.157321989886566,"#00B9FF",180002.06840827,0.120699541284404,0.0642201834862385,0.30848623853211,0.0323967889908257,0.470470183486239
"23",162,"ARK22","LowerArk",-97.30173,37.58532,0.148216482164822,"#00B9FF",94795.3599903868,0.118338108882521,0.0902578796561605,0.283094555873926,0.18567335243553,0.308022922636103
"24",165,"ARK23","LowerArk",-97.29301,37.57336,0.137607626076261,"#00B9FF",92844.5391406384,0.125573394495413,0.143635321100917,0.415997706422018,0.173738532110092,0.122419724770642
"25",167,"ARK4","LowerArk",-98.684,38.35282,0.129690276069427,"#00B9FF",286601.104801051,0.0810423825887743,0.115406643757159,0.13717067583047,0.0117411225658648,0.654639175257732
"26",172,"ARK5","LowerArk",-98.58244,38.33884,0.117773677736777,"#00B9FF",274225.960185066,0.0750071571714858,0.141425708559977,0.222731176638992,0.0649871170913255,0.488405382192957
"27",174,"ARK6","LowerArk",-98.46499,38.29079,0.157815812204796,"#00B9FF",257829.339819135,0.0191812195820212,0.054680790151732,0.556255367878614,0.0509590609791011,0.316919553392499
"28",184,"ARK7","LowerArk",-98.41589,38.26933,0.135395270061922,"#00B9FF",250650.557603601,0.0839782172542276,0.0435654915448553,0.386070507308684,0.0888506735454285,0.390083118372026
"29",193,"ARK8","LowerArk",-98.36144,38.23219,0.167506542865882,"#00B9FF",242291.308919701,0.0567660550458716,0.0538990825688073,0.624426605504587,0.0430045871559633,0.219896788990826
"30",202,"ARK9","LowerArk",-98.3203,38.20866,0.152749297135828,"#00B9FF",235823.972854273,0.0243553008595989,0.0461318051575931,0.574785100286533,0.0467048710601719,0.288252148997135
"31",211,"BIGSAND","Cimarron",-99.78689,37.04468,0.179462211288779,"#FF8B00",46520.889116025,0,0.0123103349556255,0.916976810764386,0.0283423990838821,0
"32",214,"BLUFF","Cimarron",-99.68433,37.3077,0.219378763600561,"#FF8B00",61400.4689441333,0,0.00601374570446735,0.719072164948454,0.0423825887743414,0.232531500572738
"33",222,"BLUFF160","Cimarron",-99.50246,37.19238,0.201025864425311,"#FF8B00",29958.2195627165,0,0.00372599598738894,0.762396102034967,0.0375465749498424,0.196331327027802
"34",226,"BLUFFTW","Cimarron",-99.477247,37.02709,0.197666905835725,"#FF8B00",4131.17033903521,0,0.0143225436837582,0.937553709538814,0.0415353766828989,0.00630191922085362
"35",231,"BWWA1","SFNinnescah",-98.27871,37.65186,0.300307161404947,"#5D00FF",98749.0721336798,0.294691535150646,0.072596843615495,0.569296987087518,0.042467718794835,0.0195121951219512
"36",237,"BWWA10","SFNinnescah",-98.254876,37.644541,0.270688125678498,"#5D00FF",95442.1942211357,0.110154905335628,0.113310384394722,0.560240963855422,0.0470453241537579,0.168674698795181
"37",247,"BWWA11","SFNinnescah",-98.26425,37.64511,0.272616898235309,"#5D00FF",96233.4570139099,0.168671248568156,0.156930126002291,0.475945017182131,0.034077892325315,0.163802978235968
"38",257,"BWWA12","SFNinnescah",-98.25762,37.6431,0.270189243389033,"#5D00FF",95495.1364258476,0.125966218150587,0.108502719725165,0.513312338963642,0.0392212997423418,0.212424849699399
"39",266,"BWWA2","SFNinnescah",-98.27998,37.65656,0.2784035703594,"#5D00FF",98725.0196216257,0.229512893982808,0.0521489971346705,0.63810888252149,0.039541547277937,0.0392550143266476
"40",276,"BWWA3","SFNinnescah",-98.28032,37.65772,0.26743334537701,"#5D00FF",98907.5406050166,0.224231983921906,0.0401952339936836,0.651449899511915,0.0410565604364054,0.0416307780648866
"41",285,"BWWA4","SFNinnescah",-98.27396,37.65816,0.275490563862555,"#5D00FF",98155.7713729075,0.300573065902579,0.0974212034383954,0.522063037249284,0.0358166189111748,0.0438395415472779
"42",294,"BWWA5","SFNinnescah",-98.26528,37.66079,0.273348871090279,"#5D00FF",98216.7910059207,0.225307758373891,0.199255654165474,0.507872888634412,0.0289149728027484,0.0380761523046092
"43",304,"BWWA6","SFNinnescah",-98.27589,37.65286,0.263635639982156,"#5D00FF",98083.873887612,0.315608919382504,0.102915951972556,0.517152658662093,0.0371640937678674,0.0257289879931389
"44",314,"BWWA7","SFNinnescah",-98.33222,37.63909,0.271349111828231,"#5D00FF",109592.774444685,0.0717360114777618,0.0513629842180775,0.732568149210904,0.0318507890961263,0.111908177905308
"45",324,"BWWA8","SFNinnescah",-98.30518,37.63691,0.272552242982747,"#5D00FF",103581.140952627,0.0822114007447723,0.0578630764823833,0.842738470352335,0.00916642795760527,0.00802062446290461
"46",334,"BWWA9","SFNinnescah",-98.30233,37.64219,0.262008486666499,"#5D00FF",103708.317930103,0.12046817013988,0.0405366828432772,0.819012275192692,0.0199828718241507,0
"47",342,"CAL160","Cimarron",-99.459615,37.192492,0.23008979415191,"#FF8B00",27056.283590416,0,0.00372920252438325,0.837062535857717,0.0390131956397017,0.120195065978199
"48",351,"CARYP","LowerArk",-97.92588,38.0271,0.140027323147381,"#00B9FF",187748.204759667,0.0223752151462995,0.085197934595525,0.211130235226621,0.62736660929432,0.0261044176706827
"49",360,"CAV1","Cimarron",-99.34599,37.26467,0.221213798853786,"#FF8B00",44632.4318705431,0,0.0971428571428571,0.778285714285714,0.0582857142857143,0.066
"50",370,"CAV2","Cimarron",-99.35143,37.2383,0.207292656522087,"#FF8B00",41117.6467687923,0.0146173688736028,0.243622814560046,0.692748638578389,0.0472914875322442,0
"51",379,"CCBS","Cimarron",-100.161843,37.01395,0.202621463714637,"#FF8B00",94885.6703543844,0,0.00171673819742489,0.997424892703863,0.000858369098712446,0
"52",384,"CCDC","LowerArk",-97.96673,38.07059,0.154255500888342,"#00B9FF",195044.540513994,0.0283748925193465,0.0315276583548295,0.312123817712812,0.451418744625967,0.174261966179421
"53",393,"CHIK1","Chikaskia",-98.44981,37.51486,0.182641109744431,"#FF0000",105093.854289621,0.0105895821408128,0.00228963938179737,0.46508299942759,0.0380652547223812,0.483400114481969
"54",399,"CHIK10","Chikaskia",-98.08385,37.45729,0.221347289587786,"#FF0000",59624.7883060288,0.0835001429796969,0.00171575636259651,0.686302545038605,0.0712038890477552,0.156991707177581
"55",408,"CHIK11","Chikaskia",-98.0815,37.44556,0.233907951873972,"#FF0000",58173.5164578355,0.11426116838488,0.0352233676975945,0.645189003436426,0.0515463917525773,0.152348224513173
"56",424,"CHIK12","Chikaskia",-98.05421,37.42858,0.184741014076807,"#FF0000",56495.3030358081,0.0818260120585702,0.0129198966408269,0.517944300890037,0.0381854722939994,0.348837209302326
"57",427,"CHIK13","Chikaskia",-98.04478,37.43978,0.208479426831778,"#FF0000",54433.4660790039,0.104405034324943,0.0374713958810069,0.675343249427918,0.033466819221968,0.149027459954233
"58",436,"CHIK14","Chikaskia",-98.02432,37.45803,0.169280442804428,"#FF0000",53037.3235920531,0.0472643941564022,0.00114580349470066,0.804640504153538,0.0366657118304211,0.110283586364938
"59",438,"CHIK15","Chikaskia",-98.00928,37.45808,0.178317616509498,"#FF0000",52433.048942363,0.0979160719383386,0.00913502711961176,0.807022552098202,0.0436768484156437,0.0416785612332287
"60",441,"CHIK16","Chikaskia",-97.9898,37.4384,0.180796774634413,"#FF0000",48978.5537272315,0.163943823445113,0.0461450272284322,0.647176841501863,0.0200630553167097,0.122671252507882
"61",446,"CHIK17","Chikaskia",-97.90465,37.36702,0.206974340576739,"#FF0000",35283.2563887735,0.0499139414802065,0.04245553643144,0.520080321285141,0.0550774526678141,0.330464716006885
"62",452,"CHIK18","Chikaskia",-97.85062,37.37137,0.176537002870029,"#FF0000",34106.7294085805,0.0512893982808023,0,0.691977077363897,0.0455587392550143,0.210888252148997
"63",457,"CHIK19","Chikaskia",-97.86757,37.34221,0.194619654955053,"#FF0000",30343.5389921506,0.067830566685747,0.0363480251860332,0.79593589009731,0.025186033199771,0.0721236405266171
"64",465,"CHIK2","Chikaskia",-98.44658,37.51179,0.174153341533415,"#FF0000",105093.854289621,0.0106017191977077,0.00315186246418338,0.563037249283668,0.0363896848137536,0.385959885386819
"65",470,"CHIK21","Chikaskia",-97.80236,37.25002,0.186227278939456,"#FF0000",18496.3795283773,0.0180464050415354,0.000286450873675165,0.26955027212833,0.0335147522199943,0.678602119736465
"66",473,"CHIK22","Chikaskia",-97.83985,37.30439,0.170049200492005,"#FF0000",24895.5225656309,0.0449985669246202,0.00171969045571797,0.333906563485239,0.0312410432788765,0.588134135855546
"67",477,"CHIK23","Chikaskia",-97.80837,37.28528,0.220528999494681,"#FF0000",20609.1822520187,0.163943823445113,0.106620808254514,0.523072513614216,0.0212095156205216,0.175695041559186
"68",489,"CHIK24","Chikaskia",-97.767251,37.246785,0.164360393603936,"#FF0000",13718.278651658,0.146865158889207,0.0738620097337532,0.399083882049814,0.0343544231319782,0.345548239335814
"69",491,"CHIK25","Chikaskia",-97.76067,37.244,0.189746390150976,"#FF0000",13030.2456402403,0.0961923847695391,0.0684225594045233,0.399942742628113,0.0309189808187804,0.399083882049814
"70",499,"CHIK26","Chikaskia",-97.77969,37.25621,0.19312247843992,"#FF0000",15739.9450880271,0.287926584456553,0.0473186119873817,0.488672211069687,0.0318325207915113,0.143963292228276
"71",507,"CHIK27","Chikaskia",-97.70844,37.25624,0.203891622249556,"#FF0000",0,0.116604744212632,0.00257216347527865,0.149185481566162,0.0417262074878537,0.689054015432981
"72",510,"CHIK3","Chikaskia",-98.42821,37.48528,0.185050054667213,"#FF0000",103521.37894227,0.0690742333046718,0.00458584121524792,0.560619088564059,0.0200630553167097,0.344224706219547
"73",516,"CHIK4","Chikaskia",-98.37337,37.47151,0.176760272938614,"#FF0000",93689.5060040041,0.0828317569504156,0.0243622814560046,0.531957580968759,0.0289481226712525,0.331900257953568
"74",525,"CHIK5","Chikaskia",-98.33998,37.48581,0.155135301353014,"#FF0000",88358.2569200656,0.0619088564058469,0.0189165950128977,0.581541989108627,0.0306678131269705,0.306391516193752
"75",527,"CHIK6","Chikaskia",-98.2821,37.47369,0.215248344031821,"#FF0000",80625.8794148806,0.099942726231386,0.00515463917525773,0.6368843069874,0.0323596792668958,0.225658648339061
"76",545,"CHIK7","Chikaskia",-98.20168,37.44685,0.20555608810765,"#FF0000",70987.8625639743,0.0380652547223812,0.00400686891814539,0.870635374928449,0.0320549513451631,0.0549513451631368
"77",554,"CHIK8","Chikaskia",-98.18209,37.4714,0.200819859542605,"#FF0000",72216.1449143226,0.0254649499284692,0.00257510729613734,0.751359084406295,0.0309012875536481,0.189699570815451
"78",563,"CHIK9","Chikaskia",-98.1632,37.43876,0.207770777027498,"#FF0000",66909.4370297522,0.112478534630796,0.0165998855180309,0.767029192902118,0.0655409273039496,0.0326273611906125
"79",571,"CHN1","NFNinnescah",-97.91703,37.83875,0.248788548965894,"#5D00FF",37012.146614201,0.179215574005153,0.0543945032922989,0.548525622673919,0.0148869166905239,0.202691096478672
"80",580,"CHN10","NFNinnescah",-97.897718,37.815516,0.25384942599426,"#5D00FF",32664.8169865634,0.281904215658159,0.367651276168626,0.219673071408087,0.0438772583882994,0.0868941783768282
"81",586,"CHN2","NFNinnescah",-97.83884,37.72523,0.257305711263367,"#5D00FF",23681.813432104,0.0994269340974212,0.15214899713467,0.522063037249284,0.139828080229226,0.0862464183381089
"82",596,"CHN3","NFNinnescah",-97.89163,37.77217,0.264931246740188,"#5D00FF",29612.0008988566,0.0749856897538638,0.0961648540354894,0.495993131081855,0.0615340583858042,0.271322266742988
"83",605,"CHN4","NFNinnescah",-97.87919,37.75976,0.251058664753314,"#5D00FF",28939.2434108105,0.068689181453921,0.124212936462507,0.494275901545507,0.0372066399542072,0.274470520892959
"84",611,"CHN5","NFNinnescah",-97.84568,37.73985,0.24061688533552,"#5D00FF",24459.182065334,0.04779622209502,0.305094447624499,0.543216943331425,0.0890097309673726,0.0134516313680595
"85",620,"CHN6","NFNinnescah",-97.82925,37.72228,0.259658748094473,"#5D00FF",22748.4336318675,0.0613004869664852,0.388140933829848,0.382411916356345,0.152391864795188,0.0154683471784589
"86",630,"CHN7","NFNinnescah",-97.89909,37.8251,0.215405904059041,"#5D00FF",33654.8778209484,0.29524627720504,0.16008018327606,0.336769759450172,0.0738831615120275,0.133161512027491
"87",639,"CHN8","NFNinnescah",-97.90273,37.802728,0.224374743747437,"#5D00FF",32535.5680854101,0.261952476381334,0.195820211852276,0.221013455482393,0.0251932436301174,0.296020612653879
"88",642,"CHN9","NFNinnescah",-97.909564,37.813036,0.258208978109717,"#5D00FF",33856.6841178937,0.23519313304721,0.0383404864091559,0.375679542203147,0.0463519313304721,0.304434907010014
"89",652,"CIM1","Cimarron",-99.48258,37.02645,0.217692701927019,"#FF8B00",4567.78031786304,0,0.0134554823933581,0.951617520755797,0.0346407099914114,0
"90",661,"CIM2","Cimarron",-99.63211,37.0635,0.176968019680197,"#FF8B00",27379.9808621604,0.00601202404809619,0.0389350128829087,0.908388204981391,0.0426567420555397,0
"91",664,"CIM3","Cimarron",-99.7765,37.03775,0.223485060514343,"#FF8B00",45256.6800491158,0,0.0516203039862346,0.854316030972182,0.0375681101233152,0
"92",673,"CIM4","Cimarron",-100.49239,37.01122,0.231315899852706,"#FF8B00",125429.307078031,0,0.0846681922196796,0.87070938215103,0.0386155606407323,0.00600686498855835
"93",690,"CIM5","Cimarron",-100.65219,37.07038,0.205663070066075,"#FF8B00",150007.866147427,0,0.367189728958631,0.178316690442225,0.000855920114122682,0.00370898716119829
"94",697,"CIM6","Cimarron",-100.66195,37.07182,0.209328736824783,"#FF8B00",151445.606492305,0.00372599598738894,0.451991974777873,0.132129550014331,0.000859845227858985,0.00143307537976498
"95",706,"CIM7","Cimarron",-100.66858,37.07943,0.238710744122104,"#FF8B00",153534.397224668,0.0126038384417072,0.467487825837869,0.101976511028359,0.0272128329991406,0.041821827556574
"96",720,"CIMAB","Cimarron",-99.637778,37.062706,0.208111247779144,"#FF8B00",28098.6804622195,0.00172067679954115,0.0335531975910525,0.916833954688844,0.0418698021221681,0
"97",724,"CIMABRW1","Cimarron",-99.615206,37.066483,0.201324825748257,"#FF8B00",25692.0149194027,0.0122716894977169,0.0351027397260274,0.892694063926941,0.0410958904109589,0.0134132420091324
"98",728,"CIMAD","Cimarron",-100.506927,37.006088,0.218057434741014,"#FF8B00",127093.966900244,0.00315547905909352,0.0849110728628801,0.806081468732071,0.00143430866322433,0.104417670682731
"99",733,"CIMBB","Cimarron",-99.555402,37.070261,0.22140221402214,"#FF8B00",16360.0341154169,0,0.0587729357798165,0.925745412844037,0.0154816513761468,0
"100",735,"CIMBB2","Cimarron",-99.53309,37.049331,0.221554086374197,"#FF8B00",11773.26447316,0,0.023795871559633,0.973337155963303,0.000286697247706422,0
"101",740,"CIMDA2","Cimarron",-99.700731,37.052819,0.219967883012163,"#FF8B00",37539.0613011703,0,0.122711670480549,0.614702517162471,0.0145881006864989,0
"102",745,"CIMMG","Cimarron",-99.799569,37.030958,0.215810441437748,"#FF8B00",47917.151731415,0,0.0478372959037525,0.842738470352335,0.0100257805786308,0
"103",750,"CIMMG2","Cimarron",-99.830949,37.016021,0.22389606396064,"#FF8B00",52147.6334037583,0,0.0393113342898135,0.828981348637016,0.0140602582496413,0
"104",755,"CIMTW2","Cimarron",-99.488196,37.028878,0.214719318026514,"#FF8B00",5147.4477470689,0,0.0114678899082569,0.967029816513762,0.0212155963302752,0
"105",760,"CIMTW3","Cimarron",-99.462624,37.012874,0.218075884925516,"#FF8B00",1793.3555536489,0,0.0215146299483649,0.96873207114171,0.00975329890992542,0
"106",765,"CLRH2O2","SFNinnescah",-97.63457,37.57649,0.201107011070111,"#5D00FF",16690.2892569957,0.090414878397711,0.00572246065808298,0.311874105865522,0.0560801144492132,0.535908440629471
"107",767,"CNCSC","LowerArk",-97.100633,37.089866,0.258363286120106,"#00B9FF",17433.0851333759,0.211461318051576,0.24269340974212,0.163896848137536,0.0292263610315186,0.346704871060172
"108",775,"COON","SFNinnescah",-97.935568,37.534594,0.245331932485991,"#5D00FF",55288.7214225779,0.0939828080229226,0.00458452722063037,0.743839541547278,0.0303724928366762,0.127220630372493
"109",779,"COW1","LowerArk",-97.84379,37.98472,0.154611555979505,"#00B9FF",178011.442774368,0.228628800917958,0.0507745266781411,0.335628227194492,0.0355708548479633,0.349397590361446
"110",787,"CRCRK1","Cimarron",-100.21098,37.03291,0.238408275327038,"#FF8B00",103676.538491812,0,0.028604118993135,0.901029748283753,0.0503432494279176,0.0200228832951945
"111",806,"CRCRK2","Cimarron",-100.32962,37.09197,0.250316895207381,"#FF8B00",122331.898321268,0.00229292060762396,0.00917168243049584,0.967325881341359,0.0200630553167097,0
"112",826,"CRCRK3","Cimarron",-100.36559,37.21232,0.240731598932671,"#FF8B00",149652.126644101,0.0177345537757437,0.00772311212814645,0.792048054919908,0.0294622425629291,0.149027459954233
"113",846,"DOG","Medicine",-98.82162,37.30948,0.21326192428591,"#00FF2E",79078.3339416401,0,0.0166427546628407,0.929698708751793,0.0338593974175036,0.0197991391678623
"114",851,"ELM1","Medicine",-98.57282,37.27576,0.229501332513325,"#00FF2E",42853.9661320791,0.123640526617058,0.0872925014310246,0.428448769318832,0.310818546078993,0.0171722953634803
"115",857,"ELM2","Medicine",-98.61018,37.38811,0.227998652475659,"#00FF2E",59329.206093659,0.0977637614678899,0.0269495412844037,0.520068807339449,0.0533256880733945,0.301892201834862
"116",867,"ENESC","SaltFork",-99.19666,37.223386,0.135670748926877,"#002EFF",51705.3106211384,0,0.040343347639485,0.915307582260372,0.0443490701001431,0
"117",875,"ETELM1","Medicine",-98.53781,37.36725,0.168665436654367,"#00FF2E",58397.224396325,0.0934097421203438,0.0361031518624642,0.822063037249284,0.0343839541547278,0.0140401146131805
"118",877,"ETMLR1","Medicine",-98.55103,37.24925,0.229558767757935,"#00FF2E",37649.2669404406,0.0372279495990836,0.0220504009163803,0.562142038946163,0.027205040091638,0.351374570446735
"119",887,"GOOSECREEKHWY11","NFNinnescah",-98.1945,37.82398,0.277606422483348,"#5D00FF",72579.7667614893,0.00258397932816537,0.00401952339936836,0.474016652311226,0.0453631926500144,0.474016652311226
"120",897,"INDDS","SaltFork",-99.048232,37.134068,0.16289975399754,"#002EFF",12720.0979403867,0.00343544231319782,0.00171772115659891,0.963927855711423,0.0309189808187804,0
"121",902,"KAWN","LowerArk",-96.972951,37.045428,0.247350708283632,"#00B9FF",0,0.0782459157351677,0.501862997993694,0.123817712811694,0.0220693608483806,0.259673258813414
"122",912,"KC160","Cimarron",-99.468415,37.19247,0.209586395871045,"#FF8B00",27104.9748385011,0,0.0137378362907842,0.584430452203778,0.093875214653692,0.307670291929021
"123",922,"KDOT1","SFNinnescah",-98.24527,37.64638,0.263026597272775,"#5D00FF",95653.8923226656,0.0356014929658341,0.0562733275911571,0.703416594889463,0.0470858455354579,0.157335630203847
"124",930,"KMCP","SFNinnescah",-98.111802,37.641212,0.259865723657237,"#5D00FF",78616.6147066677,0.0272284322155345,0.0366867297219834,0.24304958440814,0.625394095729435,0.00257953568357696
"125",934,"LSMC","SFNinnescah",-97.84442,37.58649,0.276051541590624,"#5D00FF",40642.8278796179,0.0538373424971363,0.00343642611683849,0.146048109965636,0.0420962199312715,0.754009163802978
"126",943,"MLPARK1","Medicine",-98.57507,37.27793,0.215387780727297,"#00FF2E",42935.115704205,0.10847166571265,0.0858614768174013,0.335718374356039,0.423010875787064,0.00944476244991414
"127",951,"MLPARK2","Medicine",-98.57575,37.27649,0.212854587304376,"#00FF2E",42618.8337542056,0.134383954154728,0.0825214899713467,0.330659025787966,0.399426934097421,0.0134670487106017
"128",961,"MLR1","Medicine",-98.59007,37.27553,0.232083347279051,"#00FF2E",43007.5751456013,0.176993689041882,0.0740103270223752,0.370912220309811,0.30837636259323,0.0197934595524957
"129",970,"MLR3","Medicine",-98.469581,37.039456,0.19049815498155,"#00FF2E",0,0.0295637198622273,0.0447761194029851,0.64609644087256,0.0289896670493685,0.249425947187141
"130",976,"MLR4","Medicine",-98.52927,37.15624,0.237860137796862,"#00FF2E",21818.6276233303,0.0171821305841924,0.0463917525773196,0.831615120274914,0.0378006872852234,0.065864833906071
"131",985,"MLR5","Medicine",-98.63367,37.28673,0.20773541068744,"#00FF2E",48838.7898732367,0.0369310048668766,0.0163183509876897,0.357286000572574,0.0629831090752934,0.526481534497567
"132",988,"MLR6","Medicine",-98.65923,37.29271,0.200184501845018,"#00FF2E",52552.7252095958,0.0480549199084668,0.0403318077803204,0.333524027459954,0.0443363844393593,0.533466819221968
"133",992,"MLR8","Medicine",-98.82143,37.3413,0.203344950116168,"#00FF2E",82159.9532789804,0.0577968526466381,0.155078683834049,0.217167381974249,0.0197424892703863,0.549070100143062
"134",995,"MLR9","Medicine",-99.11317,37.43661,0.223868259685998,"#00FF2E",127836.200668893,0,0.00917957544463568,0.722317842799771,0.0504876649454963,0.217441193344808
"135",1002,"MLR-A","Medicine",-98.91833,37.36983,0.207859266092661,"#00FF2E",94251.5578189763,0.143307537976498,0.146173688736028,0.464603038119805,0.0558899398108341,0.186013184293494
"136",1007,"MLRBB","Medicine",-98.556693,37.228776,0.216725604756048,"#00FF2E",33904.1443275341,0.0578630764823833,0.0793468920080206,0.755370953881409,0.0148954454311086,0.0925236321970782
"137",1012,"MLRHA","Medicine",-98.925473,37.370407,0.230285465354654,"#00FF2E",94905.817405494,0.132609316947699,0.118605315804516,0.517290654472707,0.0317233495284367,0.197770791654758
"138",1017,"MLRLW","Medicine",-98.591065,37.263947,0.22825184501845,"#00FF2E",40944.0653080434,0.265598168288495,0.0809959931310819,0.618202633085289,0.0286204922724671,0.00658271322266743
"139",1022,"MLRLW2","Medicine",-98.595452,37.270713,0.195110701107011,"#00FF2E",41887.0589692734,0.245629120091717,0.0922900544568644,0.575809687589567,0.059042705646317,0.0260819719117226
"140",1024,"MNESC","SaltFork",-99.23279,37.22316,0.145056033893672,"#002EFF",51804.4524977446,0.0037281330656725,0.0685402925150559,0.873530255233725,0.0258101519931173,0.028391167192429
"141",1030,"MULE3","SaltFork",-99.04404,37.28111,0.170120496617854,"#002EFF",28655.4414222131,0.0048780487804878,0.00143472022955524,0.943472022955524,0.0499282639885222,0
"142",1040,"MULE5","SaltFork",-99.20602,37.33461,0.1306717233839,"#002EFF",54399.4874440111,0.0283667621776504,0.0616045845272206,0.667048710601719,0.107736389684814,0.135243553008596
"143",1046,"MULEJP","SaltFork",-98.980556,37.112351,0.135455104551045,"#002EFF",1650.90492138865,0.00688468158347676,0.0628227194492255,0.897877223178428,0.000286861732644865,0.0321285140562249
"144",1048,"NAT","SFNinnescah",-98.64602,37.66363,0.263994936193693,"#5D00FF",149357.091982648,0.0114481969089868,0.0638236977676016,0.234115626788781,0.0400686891814539,0.650543789353177
"145",1058,"NBSC1","NFNinnescah",-98.42899,37.78663,0.262694659169759,"#5D00FF",119551.101866869,0.0197707736389685,0.315472779369628,0.295988538681948,0.0289398280802292,0.339828080229226
"146",1068,"NELM1","Medicine",-98.71767,37.45623,0.2475598186065,"#00FF2E",73590.9334262011,0.0154905335628227,0.167527251864601,0.52180149168101,0.0266781411359725,0.268502581755594
"147",1078,"NELM2","Medicine",-98.71848,37.47075,0.247627971231999,"#00FF2E",75627.7729324937,0.0573065902578797,0.197994269340974,0.572779369627507,0.0289398280802292,0.14297994269341
"148",1087,"NESS1","Walnut",-99.953936,38.464021,0.187116019027709,"#00B9FF",0,0,0,0.572492836676218,0.0263610315186246,0.401146131805158
"149",1103,"NESS2","Walnut",-100.052172,38.503783,0.126352764056741,"#00B9FF",14910.7514150809,0,0.0547121168719565,0.709252363219708,0.0126038384417072,0.223431681466628
"150",1113,"NESS3","Walnut",-100.18167,38.53469,0.107296532656842,"#00B9FF",35188.0702276648,0,0,0.614040114613181,0.0232091690544413,0.362750716332378
"151",1123,"NFN1","NFNinnescah",-98.62206,37.85324,0.262772189031414,"#5D00FF",159169.697312281,0.00286615075952995,0.22298652909143,0.203496703926627,0.0384064201777014,0.532244196044712
"152",1132,"NFN2","NFNinnescah",-97.78951,37.70328,0.239233121497882,"#5D00FF",15196.477455734,0.0613409415121255,0.0356633380884451,0.298716119828816,0.0333808844507846,0.570898716119829
"153",1142,"NFN3","NFNinnescah",-98.49034,37.91429,0.23170356703567,"#5D00FF",134386.732732197,0.00513552068473609,0.227389443651926,0.306134094151213,0.049358059914408,0.411982881597718
"154",1144,"NFN5","NFNinnescah",-98.32584,37.96033,0.253704665958224,"#5D00FF",106208.064109297,0.0567335243553009,0.110315186246418,0.694269340974212,0.0372492836676218,0.101432664756447
"155",1151,"NFN6","NFNinnescah",-98.10513,37.84977,0.257258951756184,"#5D00FF",60698.4204915681,0.0611190817790531,0.0539454806312769,0.801721664275466,0.0298421807747489,0.0487804878048781
"156",1157,"NFNINN","NFNinnescah",-98.01358,37.86328,0.232181905152385,"#5D00FF",48556.3783271504,0.048248133256749,0.0442274554853532,0.729465824238943,0.0367604824813326,0.14014933946008
"157",1162,"NFNINNSF","NFNinnescah",-98.5269,37.91027,0.251084119174525,"#5D00FF",139807.301984152,0.00400916380297824,0.321878579610538,0.256013745704467,0.0300687285223368,0.388029782359679
"158",1167,"NFNTS","NFNinnescah",-97.737699,37.613479,0.263182315156485,"#5D00FF",0,0.0810888252148997,0.0154727793696275,0.260171919770774,0.0472779369627507,0.59541547277937
"159",1172,"NFOLD14","NFNinnescah",-98.17896,37.9045,0.269019427779312,"#5D00FF",77583.9670262774,0.0927038626609442,0.117024320457797,0.496709585121602,0.140772532188841,0.146494992846924
"160",1180,"NINNR1","SFNinnescah",-97.69138,37.56208,0.248415504988383,"#5D00FF",21042.5842476326,0.125,0.0665137614678899,0.411983944954128,0.038704128440367,0.355217889908257
"161",1184,"NTELM","Medicine",-98.65506,37.45625,0.218412600792675,"#00FF2E",70194.7234090118,0.00946372239747634,0.100946372239748,0.797246917120734,0.0303986234585604,0.0619443647834815
"162",1187,"NTNR1","SFNinnescah",-97.56127,37.51865,0.254535000962254,"#5D00FF",0,0.0556192660550459,0.0151949541284404,0.35493119266055,0.0501720183486239,0.524082568807339
"163",1197,"OKLA","Cimarron",-99.4553,36.99892,0.219532424490911,"#FF8B00",0,0,0.0197707736389685,0.978510028653295,0,0
"164",1202,"PAINTER","SFNinnescah",-98.39211,37.58871,0.273269080666525,"#5D00FF",120388.354707808,0.0631276901004304,0.012051649928264,0.592252510760402,0.0209469153515065,0.311621233859397
"165",1212,"PECK","LowerArk",-98.24692,38.1588,0.150384720513872,"#00B9FF",228881.16946824,0.0100286532951289,0.00114613180515759,0.207163323782235,0.0406876790830946,0.740687679083095
"166",1218,"QNWR1","Rattlesnake",-98.50794,38.10052,0.169443390864842,"#00B9FF",290150.66041046,0,0.348697394789579,0.616089321500143,0.0309189808187804,0.00257658173489837
"167",1227,"QNWR2","Rattlesnake",-98.5,38.13263,0.140375153751538,"#00B9FF",291808.452335231,0.0128976784178848,0.400114646030381,0.557466322728576,0.0283748925193465,0.00114646030381198
"168",1229,"QNWR3","Rattlesnake",-98.543289,38.158178,0.135310271299992,"#00B9FF",274870.786018509,0.000859106529209622,0.517468499427262,0.452176403207331,0.029495990836197,0
"169",1236,"QNWR4","Rattlesnake",-98.55292,38.16189,0.148293328783156,"#00B9FF",274352.64895814,0.00257953568357696,0.525652049297793,0.447692748638578,0.0240756663800516,0
"170",1246,"QNWR5","Rattlesnake",-98.55656,38.1604,0.137016959561602,"#00B9FF",274711.845438311,0.00258101519931173,0.363636363636364,0.605391453971896,0.028391167192429,0
"171",1254,"QNWR6","Rattlesnake",-98.57553,38.15858,0.152421735276499,"#00B9FF",276538.982307117,0,0.134135855546002,0.832330180567498,0.0292347377472055,0.00429922613929493
"172",1264,"QNWR7","Rattlesnake",-98.54501,38.20189,0.161426814268143,"#00B9FF",269860.601108986,0,0.955052963068995,0.0125966218150587,0.0269109647867163,0
"173",1270,"QNWR8","Rattlesnake",-98.48615,38.22254,0.153313836348398,"#00B9FF",260767.234215745,0,0.0767688341449441,0.900887997708393,0.00401031223145231,0.0128902893153824
"174",1278,"RATT2016","Rattlesnake",-98.38023,38.23193,0.0965559655596556,"#00B9FF",245353.992077142,0.0111619919862622,0.0440755580995993,0.840297653119634,0.0357756153405839,0.0560961648540355
"175",1281,"RATTLE1","Rattlesnake",-98.922868,37.858188,0.173700577732346,"#00B9FF",399765.991827742,0.00401261106334193,0.178274577242763,0.465749498423617,0.0300945829750645,0.321868730295214
"176",1291,"RATTLE2","Rattlesnake",-98.85284,37.880905,0.151348867681326,"#00B9FF",385925.820402034,0.00171919770773639,0.134097421203438,0.577650429799427,0.039541547277937,0.246991404011461
"177",1301,"RATTLE3","Rattlesnake",-98.878166,37.867076,0.171520152569251,"#00B9FF",391504.447925861,0,0.0830221200804367,0.614765871875898,0.0402183280666475,0.261706406205113
"178",1310,"RATTLE4","Rattlesnake",-98.98591,37.83914,0.157383264755267,"#00B9FF",411351.958572959,0,0.109522447812411,0.213897626537032,0.0386045181584215,0.637975407492136
"179",1318,"RATTLE5","Rattlesnake",-98.80733,37.97086,0.149775351920186,"#00B9FF",362275.657799204,0.00229095074455899,0.202462772050401,0.332760595647194,0.0429553264604811,0.419530355097365
"180",1322,"RATTLE6","Rattlesnake",-98.71805,38.08023,0.176688572677488,"#00B9FF",327685.443892908,0,0.149728027483539,0.729745204695105,0.0240480961923848,0.0964786716289722
"181",1332,"RATTLE7","Rattlesnake",-98.71077,38.08563,0.15668034392929,"#00B9FF",326783.232988988,0,0.101578192252511,0.616068866571019,0.0209469153515065,0.261406025824964
"182",1341,"RATTLE8","Rattlesnake",-98.67424,38.08025,0.162468286566369,"#00B9FF",321889.761076776,0,0.115494568324757,0.567181246426529,0.028587764436821,0.288450543167524
"183",1349,"RATTLE9","Rattlesnake",-98.546,38.09336,0.134532595325953,"#00B9FF",294975.184423005,0,0.0716332378223496,0.900573065902579,0.0209169054441261,0.00687679083094556
"184",1351,"RRC","NFNinnescah",-98.01379,37.9018,0.250444272214831,"#5D00FF",51541.1917702511,0.100028661507595,0.0189165950128977,0.491544855259387,0.0386930352536543,0.350530237890513
"185",1359,"SAND1","Chikaskia",-98.42905,37.38552,0.200006601844646,"#FF0000",99703.1386451323,0.0373134328358209,0,0.905281285878301,0.0226750861079219,0.0327210103329506
"186",1368,"SAND2","Chikaskia",-98.28194,37.4175,0.188017761111096,"#FF0000",80844.7343933677,0.111779879621668,0.0131842934938378,0.405846947549441,0.0338205789624534,0.4353683003726
"187",1377,"SAND3","Chikaskia",-98.28191,37.41125,0.190391462977838,"#FF0000",81160.9852189592,0.148052691867125,0.0140320733104238,0.660366552119129,0.0220504009163803,0.155498281786942
"188",1386,"SANDKM","SFNinnescah",-97.97228,37.58982,0.272020636873035,"#5D00FF",61281.8090737513,0.128579610538373,0,0.5684421534937,0.0329324169530355,0.269759450171821
"189",1391,"SANDSG","SFNinnescah",-97.77098,37.50294,0.259125230452985,"#5D00FF",33466.3148796611,0.0246206699112511,0.00944746636129402,0.275407958774692,0.0177497852848554,0.671056398511308
"190",1399,"SFARDJ","SaltFork",-99.162801,37.091044,0.158261753450868,"#002EFF",29577.3426712978,0.00344234079173838,0,0.849397590361446,0.0602409638554217,0.0869191049913941
"191",1404,"SFN1","SFNinnescah",-98.11176,37.6412,0.278686536525229,"#5D00FF",78616.6147066677,0.0272284322155345,0.0369733447979364,0.243622814560046,0.624534250501576,0.00257953568357696
"192",1412,"SFNDB","SFNinnescah",-98.417577,37.661645,0.224015990159902,"#5D00FF",120403.963035396,0.119347452776188,0.0755580995993131,0.493703491700057,0.0220377790497997,0.289353176874642
"193",1414,"SFNJM","SFNinnescah",-98.366483,37.642316,0.245690686073528,"#5D00FF",114103.186500687,0.0205949656750572,0.0737986270022883,0.429919908466819,0.0443363844393593,0.426487414187643
"194",1419,"SFNMB","SFNinnescah",-98.09923,37.63677,0.248445401120678,"#5D00FF",77299.7087331722,0.0536682843277191,0.058235797887525,0.576077647730517,0.148729660291179,0.154153582643448
"195",1423,"SFNR1","SFNinnescah",-98.64508,37.64548,0.285140575545967,"#5D00FF",149599.828231056,0.0237618093329516,0.120240480961924,0.579158316633267,0.0426567420555397,0.234182651016318
"196",1433,"SFNR2","SFNinnescah",-98.67993,37.63141,0.256101031843652,"#5D00FF",155531.042619744,0.00515907136715391,0.231871596445973,0.281456004585841,0.057609630266552,0.416165090283749
"197",1439,"SFNR3","SFNinnescah",-98.736533,37.633405,0.232079404127375,"#5D00FF",161965.281992111,0.0160642570281124,0.14859437751004,0.345668387837063,0.388697647733792,0.0745840504876649
"198",1442,"SFNR4","SFNinnescah",-98.76689,37.63992,0.270087322370295,"#5D00FF",165141.362862431,0.0177905308464849,0.132855093256815,0.480918220946915,0.185652797704448,0.178766140602583
"199",1451,"SFNR5","SFNinnescah",-97.77283,37.60068,0.260283370010571,"#5D00FF",30748.2618677384,0.154243119266055,0.0607798165137615,0.321961009174312,0.0358371559633028,0.425745412844037
"200",1458,"SFNR6","SFNinnescah",-98.55657,37.6584,0.277155365580016,"#5D00FF",138523.106542906,0.0925236321970782,0.189630478372959,0.357777141220281,0.0366657118304211,0.32225723288456
"201",1468,"SFNR7","SFNinnescah",-97.97243,37.60412,0.256461835451688,"#5D00FF",62095.7051577015,0.0807328943601489,0.0709991411394217,0.501002004008016,0.0466647580876038,0.300314915545376
"202",1472,"SFNR8","SFNinnescah",-97.91229,37.56114,0.270521901923951,"#5D00FF",52833.7107205969,0.0368045649072753,0.0599144079885877,0.618259629101284,0.0205420827389444,0.263052781740371
"203",1480,"SILVER01","NFNinnescah",-98.32166,37.82431,0.280578275357111,"#5D00FF",92165.9715661016,0.0461714941210209,0.0318325207915113,0.800688270719816,0.0435904789217092,0.0751362202466303
"204",1489,"SILVERH2O","NFNinnescah",-98.252983,37.85173,0.272507928237351,"#5D00FF",79138.4635149693,0.0151732035499571,0.0123103349556255,0.762668193529917,0.032064128256513,0.177784139707987
"205",1499,"SLATE1","LowerArk",-97.642435,37.419675,0.201978269782698,"#00B9FF",128194.00208216,0.0563823697767602,0.0134516313680595,0.141099026903263,0.0526617057813394,0.736119061247853
"206",1502,"SLATE2","LowerArk",-97.749168,37.430152,0.199108241082411,"#00B9FF",146046.594155373,0.111302352266208,0.0057372346528973,0.217441193344808,0.0332759609868044,0.632243258749283
"207",1505,"SLATE3","LowerArk",-97.733499,37.444234,0.179735547355474,"#00B9FF",142871.686679167,0.0252365930599369,0,0.207054774878119,0.0441640378548896,0.723544594207055
"208",1507,"SLATE4","LowerArk",-97.731541,37.445164,0.206495070905452,"#00B9FF",142413.436356746,0.0252004581901489,0,0.190148911798396,0.0441008018327606,0.740549828178694
"209",1516,"SNAKE","Cimarron",-99.60752,37.06238,0.19206983736504,"#FF8B00",24766.0242066913,0,0.0480961923847695,0.893215001431434,0.0549670770111652,0
"210",1519,"SOLD","Medicine",-99.03834,37.43808,0.224448373650403,"#00FF2E",114435.559512085,0.00657518582046884,0.0151515151515152,0.851343624928531,0.0411663807890223,0.0857632933104631
"211",1524,"SPNGR1","SpringRiver",-94.64565,37.18446,0.0867929555996241,"#E800FF",0,0.344975665616948,0.193529916976811,0.00458058975093043,0.0549670770111652,0.393358144861151
"212",1534,"SPRINGSG","SFNinnescah",-97.57556,37.5333,0.243363795623028,"#5D00FF",5628.8340769597,0.0400686891814539,0,0.277332570120206,0.0764167143674871,0.606182026330853
"213",1544,"STSC1","SpringRiver",-94.619135,37.02919,0.0903599494328278,"#E800FF",0,0.711295871559633,0.0473050458715596,0.00630733944954128,0.0619266055045872,0.173165137614679
"214",1551,"TBSY","Cimarron",-100.14477,37.17114,0.15990159901599,"#FF8B00",94636.8885526887,0,0.0134709085697908,0.935224992834623,0.0315276583548295,0.0197764402407567
"215",1553,"TCHA","Medicine",-98.924523,37.374674,0.225690002733361,"#00FF2E",95159.2837154811,0.113623354321694,0.138236977676016,0.336004579278764,0.0867200915855753,0.324270177447052
"216",1558,"TEASLY","SFNinnescah",-98.76891,37.63631,0.267294314609813,"#5D00FF",165682.236656236,0.0154905335628227,0.131095811818703,0.617613310384395,0.127653471026965,0.106425702811245
"217",1563,"TNFN1","NFNinnescah",-97.77153,37.6497,0.265051321596927,"#5D00FF",5382.0601723107,0.101117158407333,0.0340876539673446,0.319106273274133,0.0716127184187912,0.473789745058722
"218",1573,"TNFNHWY50","NFNinnescah",-98.33718,37.98412,0.258294151096273,"#5D00FF",111384.275377097,0.0088723526044648,0.0583858042358329,0.746422438465942,0.0392100744132799,0.147109330280481
"219",1583,"TURKY","Medicine",-98.9485,37.49939,0.226655512416802,"#00FF2E",111932.870500935,0.0140401146131805,0.0959885386819484,0.757879656160458,0.0203438395415473,0.111747851002865
"220",1593,"USMC","SFNinnescah",-98.12421,37.74847,0.264502490782655,"#5D00FF",80371.4556101003,0.0366552119129439,0.00343642611683849,0.459621993127148,0.0383734249713631,0.461626575028637
"221",1603,"WALNUT","LowerArk",-98.68261,38.35423,0.153075044696025,"#00B9FF",286374.756362932,0.0698340011448197,0.106754436176302,0.127933600457928,0.022610188895249,0.670864338866629
"222",1611,"WELM","Medicine",-98.77396,37.43821,0.236064814814815,"#00FF2E",78699.9731266266,0,0.0709788208357184,0.804235832856325,0.0331997710360618,0.0915855752718947
"223",1616,"WOLF01","NFNinnescah",-98.32512,37.8305,0.269762739761751,"#5D00FF",91886.393587493,0.0535356427139994,0.0518179215574005,0.602633839106785,0.0475236186659032,0.24162610936158
"224",1624,"WSU1","SFNinnescah",-97.94712,37.67714,0.263811668157309,"#5D00FF",57535.610976261,0.0734155434470892,0.00544880986521365,0.678806997418985,0.0659592773157442,0.175795813019788
"225",1634,"WSU2","SFNinnescah",-97.95137,37.67976,0.268863263632636,"#5D00FF",58057.5503604496,0.0842165568604984,0.00257805786307648,0.628759667716987,0.0412489258092237,0.243196791750215
"226",1639,"WSU3","SFNinnescah",-97.95135,37.68016,0.263418000593933,"#5D00FF",58068.1744883059,0.0838820498139135,0.00257658173489837,0.637847122817063,0.0397938734612081,0.235900372172917
"227",1649,"WSU4","SFNinnescah",-97.94579,37.68061,0.265720805821531,"#5D00FF",57710.3112067283,0.0774526678141136,0.00258175559380379,0.738955823293173,0.0522088353413655,0.128800917957544
"228",1659,"ZANG","SFNinnescah",-98.77637,37.64541,0.281126678890088,"#5D00FF",166556.536176422,0.0203147353361946,0.103576537911302,0.35307582260372,0.113876967095851,0.402861230329041
"229",1669,"ZBAR1","SaltFork",-98.987271,37.103899,0.0916359163591636,"#002EFF",0,0.00916905444126074,0.116905444126074,0.828080229226361,0,0.0458452722063037
"230",1670,"ZBAR2","SaltFork",-98.991953,37.092788,0.176512402624026,"#002EFF",1840.75076835284,0.0194786594099112,0.100544256659983,0.865081638498997,0.0148954454311086,0
"231",1676,"JCC","Colorado",-104.6887155,38.68448,0.0735573024310174,"#E8FF00",379034.620527284,0,0.16189111747851,0.346991404011461,0.413753581661891,0
"232",1685,"BSC","Colorado",-104.2020784,39.101569,0.0931136394697281,"#E8FF00",355325.961041864,0.00803212851405622,0.0585197934595525,0.729776247848537,0.0427423981640849,0.0329890992541595
"233",1691,"UTFC","Colorado",-104.596428,38.439703,0.0570465447237617,"#E8FF00",338946.567839625,0,0.44568324757004,0.357061177815895,0.0766152086906804,0.0277301315037164
"234",1702,"BFC","Colorado",-102.3112995,38.148682,0.0919230787853627,"#E8FF00",36720.6466418955,0.00143184421534937,0,0.13745704467354,0.0423825887743414,0.814432989690722
"235",1714,"RSHC","Colorado",-103.346613,38.793115,0.0716612313231976,"#E8FF00",236810.427734197,0,0.0194842406876791,0.856733524355301,0.00257879656160458,0.035243553008596
"236",1725,"HESPR","SpringRiver",-94.2711,36.2593,0.0377345221321639,"#E800FF",0,0.395302205671727,0.000572901747350329,0.0114580349470066,0.0842165568604984,0.508450300773417
"237",1735,"LIBR","SpringRiver",-94.227,36.288,0.0360117821558035,"#E800FF",0,0.127543708799083,0.000859845227858985,0.00200630553167097,0.0699340785325308,0.799656061908856
"238",1745,"PAHO","SpringRiver",-94.407,36.226,0.034220642114301,"#E800FF",0,0.310977357409,0.00057323015190599,0.134135855546002,0.0378331900257954,0.51390083118372
"239",1755,"SVGC","SpringRiver",-94.227,36.288,0.0342446224537831,"#E800FF",0,0.209700427960057,0.000285306704707561,0.00399429386590585,0.285877318116976,0.495292439372325
"240",1765,"TUSPR","SpringRiver",-94.3026,36.1522,0.0417580308739596,"#E800FF",0,0.473065902578797,0,0.0100286532951289,0.0553008595988539,0.461604584527221
"241",1775,"WISPR","SpringRiver",-94.1842,36.1065,0.0430517971846385,"#E800FF",0,0.119565217391304,0.00326086956521739,0,0.134782608695652,0.715217391304348
